lot_id,name_en,note_en,description_en,link_label_en,name_hu,note_hu,description_hu,link_label_hu,name_de,note_de,description_de,link_label_de,name_ro,note_ro,description_ro,link_label_ro,name_sr,note_sr,description_sr,link_label_sr,name_hr,note_hr,description_hr,link_label_hr,name_sk,note_sk,description_sk,link_label_sk
premium-parking,Premium Parking,at Terminal 2 (1 min walk),Closest parking to the terminal. Ideal for quick drop-offs and pick-ups. License plate recognition for seamless entry.,Book on Official Site →,Premium Parking,at Terminal 2 (1 min walk),A terminálhoz legközelebbi parkoló. Ideális gyors lerakáshoz és felvételhez. Rendszámfelismerés a zökkenőmentes belépéshez.,Foglalás a hivatalos oldalon →,Premium Parking,at Terminal 2 (1 min walk),Parkplatz am nächsten zum Terminal. Ideal für schnelles Bringen und Abholen. Kennzeichenerkennung für reibungslose Einfahrt.,Auf offizieller Seite buchen →,Premium Parking,at Terminal 2 (1 min walk),Cea mai apropiată parcare de terminal. Ideală pentru lăsări și preluări rapide. Recunoaștere de plăcuțe pentru intrare fără probleme.,Rezervă pe site-ul oficial →,Premium Parking,at Terminal 2 (1 min walk),Najbliži parking terminalu. Idealan za brze ostavljanje i preuzimanje. Prepoznavanje tablica za besprekoran ulaz.,Rezerviši na zvaničnom sajtu →,Premium Parking,at Terminal 2 (1 min walk),Najbliže parkiranje terminalu. Idealno za brzo ostavljanje i preuzimanje. Prepoznavanje tablica za jednostavan ulazak.,Rezerviraj na službenoj stranici →,Premium Parking,at Terminal 2 (1 min walk),Najbližšie parkovanie pri termináli. Ideálne pre rýchle vyložení a vyzdvihnutie. Rozpoznávanie ŠPZ pre bezproblémový vstup.,Rezervovať na oficiálnej stránke →
terminal-parking,Terminal Parking,at terminal (2-4 min walk),Great balance of convenience and price. Covered walkway to terminal. Ideal for business trips.,Book on Official Site →,Terminal Parking,at terminal (2-4 min walk),Nagyszerű egyensúly kényelem és ár között. Fedett átjáró a terminálhoz. Ideális üzleti utakhoz.,Foglalás a hivatalos oldalon →,Terminal Parking,at terminal (2-4 min walk),Hervorragendes Verhältnis von Komfort und Preis. Überdachter Weg zum Terminal. Ideal für Geschäftsreisen.,Auf offizieller Seite buchen →,Terminal Parking,at terminal (2-4 min walk),Echilibru excelent între confort și preț. Pasaj acoperit până la terminal. Ideal pentru călătorii de afaceri.,Rezervă pe site-ul oficial →,Terminal Parking,at terminal (2-4 min walk),Odličan balans udobnosti i cene. Natkrivena staza do terminala. Idealno za poslovna putovanja.,Rezerviši na zvaničnom sajtu →,Terminal Parking,at terminal (2-4 min walk),Izvrsna ravnoteža udobnosti i cijene. Natkrivena staza do terminala. Idealno za poslovna putovanja.,Rezerviraj na službenoj stranici →,Terminal Parking,at terminal (2-4 min walk),Skvelá rovnováha pohodlia a ceny. Krytá cesta k termináli. Ideálne pre obchodné cesty.,Rezervovať na oficiálnej stránke →
city-break-parking,City Break Parking,covered path (2-5 min walk),Perfect for weekend getaways. Covered walkway protects from weather. Good value for 2-5 day trips.,Book on Official Site →,City Break Parking,covered path (2-5 min walk),Tökéletes hétvégi kiruccanásokhoz. Fedett átjáró véd az időjárástól. Jó ár-érték 2-5 napos utakhoz.,Foglalás a hivatalos oldalon →,City Break Parking,covered path (2-5 min walk),Perfekt für Wochenendausflüge. Überdachter Weg schützt vor Wetter. Gutes Preis-Leistungs-Verhältnis für 2-5 Tage.,Auf offizieller Seite buchen →,City Break Parking,covered path (2-5 min walk),"Perfect pentru escapade de weekend. Pasaj acoperit, protejat de vreme. Raport bun calitate-preț pentru 2-5 zile.",Rezervă pe site-ul oficial →,City Break Parking,covered path (2-5 min walk),Savršeno za vikend putovanja. Natkrivena staza štiti od vremena. Dobra vrednost za boravke od 2-5 dana.,Rezerviši na zvaničnom sajtu →,City Break Parking,covered path (2-5 min walk),Savršeno za vikend putovanja. Natkrivena staza štiti od vremena. Dobra vrijednost za putovanja od 2-5 dana.,Rezerviraj na službenoj stranici →,City Break Parking,covered path (2-5 min walk),Ideálne pre víkendové výlety. Krytá cesta chráni pred počasím. Dobrá hodnota pre 2-5 dňové cesty.,Rezervovať na oficiálnej stránke →
holiday-parking,Holiday Parking,covered path (4-9 min walk),Most economical official option for holidays. Great for 1-2 week vacations with significant savings.,Book on Official Site →,Holiday Parking,covered path (4-9 min walk),A leggazdaságosabb hivatalos lehetőség nyaraláshoz. Kiváló 1-2 hetes nyaralásokhoz jelentős megtakarítással.,Foglalás a hivatalos oldalon →,Holiday Parking,covered path (4-9 min walk),Wirtschaftlichste offizielle Option für den Urlaub. Ideal für 1-2 Wochen Urlaub mit deutlichen Ersparnissen.,Auf offizieller Seite buchen →,Holiday Parking,covered path (4-9 min walk),Cea mai economică opțiune oficială pentru vacanțe. Excelentă pentru concedii de 1-2 săptămâni cu economii semnificative.,Rezervă pe site-ul oficial →,Holiday Parking,covered path (4-9 min walk),Najekonomičnija zvanična opcija za odmor. Odlična za odmore od 1-2 nedelje uz značajnu uštedu.,Rezerviši na zvaničnom sajtu →,Holiday Parking,covered path (4-9 min walk),Najekonomičnija službena opcija za odmor. Odlična za odmore od 1-2 tjedna uz značajnu uštedu.,Rezerviraj na službenoj stranici →,Holiday Parking,covered path (4-9 min walk),Najekonomickejšia oficiálna možnosť pre dovolenky. Skvelé pre 1-2 týždňové dovolenky s výraznou úsporou.,Rezervovať na oficiálnej stránke →
smart-parking,Smart Parking,covered path (8-10 min walk),Newest and largest official facility. Only for full-day bookings. Best rates for extended stays of a week or more.,Book on Official Site →,Smart Parking,covered path (8-10 min walk),"A legújabb és legnagyobb hivatalos létesítmény. Csak egész napos foglalásokhoz. A legjobb árak hosszabb, hetes vagy ennél hosszabb tartózkodáshoz.",Foglalás a hivatalos oldalon →,Smart Parking,covered path (8-10 min walk),Neueste und größte offizielle Anlage. Nur Ganztages-Buchungen. Beste Preise für längere Aufenthalte ab einer Woche.,Auf offizieller Seite buchen →,Smart Parking,covered path (8-10 min walk),Cea mai nouă și mai mare unitate oficială. Numai pentru rezervări de zi întreagă. Cele mai bune tarife pentru sejururi de o săptămână sau mai mult.,Rezervă pe site-ul oficial →,Smart Parking,covered path (8-10 min walk),Najnovija i najveća zvanična garaža. Samo za celodnevne rezervacije. Najbolje cene za boravke nedelju dana i duže.,Rezerviši na zvaničnom sajtu →,Smart Parking,covered path (8-10 min walk),Najnovija i najveća službena garaža. Samo za cjelodnevne rezervacije. Najbolje cijene za boravke od tjedan dana i više.,Rezerviraj na službenoj stranici →,Smart Parking,covered path (8-10 min walk),Najnovšie a najväčšie oficiálne zariadenie. Iba pre celodenné rezervácie. Najlepšie ceny pre dlhšie pobyty od týždňa.,Rezervovať na oficiálnej stránke →
best-parking-budapest,Best Parking Budapest,"Vecsés, Széchenyi u.","One of the largest private lots. Free shuttle, terrace café, washroom facilities. Child seats available on request.",Visit Website →,Best Parking Budapest,"Vecsés, Széchenyi u.","Az egyik legnagyobb magánparkoló. Ingyenes transzfer, terasz kávézó, mosdóhelyiségek. Gyermekülés kérésre.",Weboldal megtekintése →,Best Parking Budapest,"Vecsés, Széchenyi u.","Einer der größten Privatparkplätze. Kostenloser Shuttle, Terrassencafé, Sanitäranlagen. Kindersitze auf Anfrage.",Webseite besuchen →,Best Parking Budapest,"Vecsés, Széchenyi u.","Una dintre cele mai mari parcări private. Navetă gratuită, terasă cafenea, grupuri sanitare. Scaune pentru copii la cerere.",Vizitează site-ul →,Best Parking Budapest,"Vecsés, Széchenyi u.","Jedan od najvećih privatnih parkinga. Besplatni prevoz, kafe terasa, sanitarni čvor. Dečija sedišta na zahtev.",Poseti sajt →,Best Parking Budapest,"Vecsés, Széchenyi u.","Jedno od najvećih privatnih parkirališta. Besplatni prijevoz, kafić s terasom, sanitarije. Dječje sjedalice na zahtjev.",Posjeti stranicu →,Best Parking Budapest,"Vecsés, Széchenyi u.","Jedno z najväčších súkromných parkovísk. Bezplatný shuttle, terasová kaviareň, sociálne zariadenia. Detské sedačky na požiadanie.",Navštíviť stránku →
mybud-parking,myBUD Parking,Vecsés,"Located next to MOL gas station and McDonald's. Fenced, camera-monitored area. Convenient location near expressway.",Visit Website →,myBUD Parking,Vecsés,"A MOL benzinkút és a McDonald's mellett. Kerített, kamerával felügyelt terület. Kényelmes elhelyezkedés az autópálya közelében.",Weboldal megtekintése →,myBUD Parking,Vecsés,"Neben MOL-Tankstelle und McDonald's gelegen. Eingezäunter, kameraüberwachter Bereich. Praktische Lage in Nähe der Schnellstraße.",Webseite besuchen →,myBUD Parking,Vecsés,"Lângă benzinăria MOL și McDonald's. Zonă împrejmuită, monitorizată video. Locație convenabilă lângă autostradă.",Vizitează site-ul →,myBUD Parking,Vecsés,Uz pumpu MOL i McDonald's. Ograđen prostor pod video nadzorom. Pogodna lokacija blizu autoputa.,Poseti sajt →,myBUD Parking,Vecsés,Pored benzinske MOL i McDonald'sa. Ograđen prostor pod video nadzorom. Pogodna lokacija blizu autoceste.,Posjeti stranicu →,myBUD Parking,Vecsés,Pri čerpacej stanici MOL a McDonald's. Oplotená oblasť s kamerami. Pohodlná poloha blízko diaľnice.,Navštíviť stránku →
budcar-parking,BUDCAR Parking,,Secure parking behind stone walls. Both outdoor and covered garage options. On-site car wash service available.,Visit Website →,BUDCAR Parking,,Biztonságos parkolás kőfalak mögött. Szabadtéri és fedett garázs lehetőségek. Helyszíni autómosó szolgáltatás.,Weboldal megtekintése →,BUDCAR Parking,,Sicheres Parken hinter Steinmauern. Outdoor- und überdachte Garagenoptionen. Autowäsche vor Ort verfügbar.,Webseite besuchen →,BUDCAR Parking,,Parcare securizată în spatele zidurilor. Variante exterioare și garaj acoperit. Serviciu de spălătorie auto pe loc.,Vizitează site-ul →,BUDCAR Parking,,Bezbedan parking iza kamenih zidova. Spoljne i natkrivene garaže. Perionica na licu mesta.,Poseti sajt →,BUDCAR Parking,,Siguran parking iza kamenih zidova. Vanjske i natkrivene garaže. Autopraonica na licu mjesta.,Posjeti stranicu →,BUDCAR Parking,,Bezpečné parkovanie za kamennými múrmi. Vonkajšie aj kryté garáže. Umyváreň na mieste.,Navštíviť stránku →
repter-parkolo,Reptér Parkoló,,Budget-friendly with reliable shuttle. Technical assistance for battery/tire issues. Flight monitoring included.,Visit Website →,Reptér Parkoló,,Megfizethető megbízható transzferrel. Műszaki segítség akkumulátor/gumi problémákhoz. Járatkövetés a csomagban.,Weboldal megtekintése →,Reptér Parkoló,,Preisgünstig mit zuverlässigem Shuttle. Technische Hilfe bei Batterie/Reifen. Flugverfolgung inklusive.,Webseite besuchen →,Reptér Parkoló,,Avantajos cu navetă fiabilă. Asistență tehnică pentru baterie/pneuri. Monitorizare zbor inclusă.,Vizitează site-ul →,Reptér Parkoló,,Pristupačno sa pouzdanim prevozom. Tehnička pomoć za akumulator/gume. Praćenje leta uključeno.,Poseti sajt →,Reptér Parkoló,,Pristupačno s pouzdanim prijevozom. Tehnička pomoć za akumulator/gume. Praćenje leta uključeno.,Posjeti stranicu →,Reptér Parkoló,,Cenovo dostupné so spoľahlivým shuttlom. Technická asistencia pri batérii/pneumatikách. Sledovanie letu v cene.,Navštíviť stránku →
safe-parking,Safe Parking,"Vecsés, Széchenyi u.",Private car transfer between parking and terminals. Both short and long-term options. Pay on arrival or departure.,Visit Website →,Safe Parking,"Vecsés, Széchenyi u.",Magánautó-transzfer a parkoló és a terminálok között. Rövid és hosszú távú lehetőségek. Fizetés érkezéskor vagy induláskor.,Weboldal megtekintése →,Safe Parking,"Vecsés, Széchenyi u.",Privater Autotransfer zwischen Parkplatz und Terminals. Kurz- und Langzeitoptionen. Zahlung bei Ankunft oder Abreise.,Webseite besuchen →,Safe Parking,"Vecsés, Széchenyi u.",Transfer privat între parcare și terminale. Variante scurte și de durată lungă. Plată la sosire sau plecare.,Vizitează site-ul →,Safe Parking,"Vecsés, Széchenyi u.",Privatni prevoz između parkinga i terminala. Kratkoročne i dugoročne opcije. Plaćanje pri dolasku ili odlasku.,Poseti sajt →,Safe Parking,"Vecsés, Széchenyi u.",Privatni prijevoz između parkinga i terminala. Kratkoročne i dugoročne opcije. Plaćanje pri dolasku ili odlasku.,Posjeti stranicu →,Safe Parking,"Vecsés, Széchenyi u.",Súkromný transfer medzi parkoviskom a termínmi. Krátkodobé aj dlhodobé možnosti. Platba pri príchode alebo odchode.,Navštíviť stránku →
parkolo-mester,Parkoló Mester,,"Premium VIP transfers available (Maserati, Mercedes V-Class). Electric vehicle charging on-site. Concrete, electrically fenced area.",Visit Website →,Parkoló Mester,,"Prémium VIP transzferek (Maserati, Mercedes V-osztály). EV-töltés a helyszínen. Betonozott, elektromos kerítéssel ellátott terület.",Weboldal megtekintése →,Parkoló Mester,,"Premium-VIP-Transfers verfügbar (Maserati, Mercedes V-Klasse). E-Auto-Laden vor Ort. Betonierter, elektrisch eingezäunter Bereich.",Webseite besuchen →,Parkoló Mester,,"Transferuri VIP premium disponibile (Maserati, Mercedes V-Class). Încărcare electrică pe loc. Zonă betonată, împrejmuită electric.",Vizitează site-ul →,Parkoló Mester,,"Dostupni premium VIP prevozi (Maserati, Mercedes V-Class). Punjenje EV na licu mesta. Betonirana oblast sa električnom ogradom.",Poseti sajt →,Parkoló Mester,,"Dostupni premium VIP prijevozi (Maserati, Mercedes V-Class). Punjenje EV na licu mjesta. Betonirana oblast s električnom ogradom.",Posjeti stranicu →,Parkoló Mester,,"Prémiové VIP transfery (Maserati, Mercedes V-Class). Nabíjanie EV na mieste. Betónová, elektricky oplotená oblasť.",Navštíviť stránku →
parkfly,ParkFly,"Vecsés, Üllői út","Shuttle runs on-demand 24/7, not fixed schedule. 5-10 min transfer time. Pickup within 10-20 min after landing.",Visit Website →,ParkFly,"Vecsés, Üllői út","A transzfer igény szerint közlekedik 24/7, nem fix menetrend szerint. 5-10 perc transzfer idő. Felvétel 10-20 percen belül a landolás után.",Weboldal megtekintése →,ParkFly,"Vecsés, Üllői út","Shuttle fährt auf Anfrage 24/7, kein fester Fahrplan. 5-10 Min Transferzeit. Abholung innerhalb von 10-20 Min nach Landung.",Webseite besuchen →,ParkFly,"Vecsés, Üllői út","Naveta funcționează la cerere 24/7, nu pe orar fix. Transfer 5-10 min. Preluare în 10-20 min după aterizare.",Vizitează site-ul →,ParkFly,"Vecsés, Üllői út","Prevoz radi na zahtev 24/7, bez fiksnog rasporeda. Transfer 5-10 min. Preuzimanje za 10-20 min po sletanju.",Poseti sajt →,ParkFly,"Vecsés, Üllői út","Prijevoz radi na zahtjev 24/7, bez fiksnog rasporeda. Transfer 5-10 min. Preuzimanje za 10-20 min po slijetanju.",Posjeti stranicu →,ParkFly,"Vecsés, Üllői út","Shuttle jazdí na požiadanie 24/7, nie podľa pevného harmonogramu. Transfer 5-10 min. Vyzdvihnutie do 10-20 min po pristátí.",Navštíviť stránku →
repteri-parkolo-centrum,Reptéri Parkoló Centrum,"Vecsés, Almáskert út",Guarded parking lot just minutes from the airport. Reliable shuttle service to all terminals.,Visit Website →,Reptéri Parkoló Centrum,"Vecsés, Almáskert út",Őrzött parkoló néhány percre a repülőtértől. Megbízható transzfer minden terminálhoz.,Weboldal megtekintése →,Reptéri Parkoló Centrum,"Vecsés, Almáskert út",Bewachter Parkplatz nur Minuten vom Flughafen. Zuverlässiger Shuttle zu allen Terminals.,Webseite besuchen →,Reptéri Parkoló Centrum,"Vecsés, Almáskert út",Parcare păzită la doar câteva minute de aeroport. Navetă fiabilă către toate terminalele.,Vizitează site-ul →,Reptéri Parkoló Centrum,"Vecsés, Almáskert út",Čuvani parking par minuta od aerodroma. Pouzdan prevoz do svih terminala.,Poseti sajt →,Reptéri Parkoló Centrum,"Vecsés, Almáskert út",Čuvani parking samo nekoliko minuta od zračne luke. Pouzdan prijevoz do svih terminala.,Posjeti stranicu →,Reptéri Parkoló Centrum,"Vecsés, Almáskert út",Strážené parkovisko pár minút od letiska. Spoľahlivý shuttle ku všetkým terminálom.,Navštíviť stránku →
zoka-repteri-parkolo,Zoka Reptéri Parkoló,,Secured parking with free shuttle service to airport terminals.,Book Now →,Zoka Reptéri Parkoló,,Biztonságos parkolás ingyenes transzferrel a reptéri terminálokhoz.,Foglalás most →,Zoka Reptéri Parkoló,,Gesichertes Parken mit kostenlosem Shuttle zu den Flughafenterminals.,Jetzt buchen →,Zoka Reptéri Parkoló,,Parcare securizată cu navetă gratuită spre terminalele aeroportului.,Rezervă acum →,Zoka Reptéri Parkoló,,Obezbeđen parking sa besplatnim prevozom do terminala aerodroma.,Rezerviši odmah →,Zoka Reptéri Parkoló,,Osigurani parking s besplatnim prijevozom do terminala zračne luke.,Rezerviraj sada →,Zoka Reptéri Parkoló,,Zabezpečené parkovanie s bezplatným shuttlom k terminálom letiska.,Rezervovať teraz →
repteres-parkolo,Repteres Parkoló,,Affordable parking with complimentary shuttle service.,Book Now →,Repteres Parkoló,,Megfizethető parkolás ingyenes transzferrel.,Foglalás most →,Repteres Parkoló,,Günstiges Parken mit kostenlosem Shuttle.,Jetzt buchen →,Repteres Parkoló,,Parcare accesibilă cu navetă gratuită.,Rezervă acum →,Repteres Parkoló,,Pristupačan parking sa besplatnim prevozom.,Rezerviši odmah →,Repteres Parkoló,,Pristupačan parking s besplatnim prijevozom.,Rezerviraj sada →,Repteres Parkoló,,Cenovo dostupné parkovanie s bezplatným shuttlom.,Rezervovať teraz →
pk-repter-parkolo,PK Reptér Parkoló,,Quick drop-off experience with complimentary shuttle to terminal.,Book Now →,PK Reptér Parkoló,,Gyors lerakás ingyenes transzferrel a terminálhoz.,Foglalás most →,PK Reptér Parkoló,,Schnelles Bringen mit kostenlosem Shuttle zum Terminal.,Jetzt buchen →,PK Reptér Parkoló,,Experiență de lăsare rapidă cu navetă gratuită până la terminal.,Rezervă acum →,PK Reptér Parkoló,,Brzo ostavljanje sa besplatnim prevozom do terminala.,Rezerviši odmah →,PK Reptér Parkoló,,Brzo ostavljanje s besplatnim prijevozom do terminala.,Rezerviraj sada →,PK Reptér Parkoló,,Rýchle vyložení s bezplatným shuttlom k termináli.,Rezervovať teraz →
noa-parking,NOA Parking,,Convenient parking with free shuttle transfer.,Book Now →,NOA Parking,,Kényelmes parkolás ingyenes transzferrel.,Foglalás most →,NOA Parking,,Bequemes Parken mit kostenlosem Shuttle-Transfer.,Jetzt buchen →,NOA Parking,,Parcare convenabilă cu transfer gratuit cu naveta.,Rezervă acum →,NOA Parking,,Pogodan parking sa besplatnim prevozom.,Rezerviši odmah →,NOA Parking,,Pogodan parking s besplatnim prijevozom.,Rezerviraj sada →,NOA Parking,,Pohodlné parkovanie s bezplatným shuttlom.,Rezervovať teraz →
ferihegy-airport-parking,Ferihegy Airport Parking,,Leading parking service since 2008. Covered parking guaranteed. Free modifications and cancellations.,Book Now →,Ferihegy Airport Parking,,Vezető parkolási szolgáltatás 2008 óta. Garantált fedett parkolás. Ingyenes módosítás és lemondás.,Foglalás most →,Ferihegy Airport Parking,,Führender Parkservice seit 2008. Garantiert überdachtes Parken. Kostenlose Änderungen und Stornierungen.,Jetzt buchen →,Ferihegy Airport Parking,,Serviciu de parcare de top din 2008. Parcare acoperită garantată. Modificări și anulări gratuite.,Rezervă acum →,Ferihegy Airport Parking,,Vodeća parking usluga od 2008. Garantovan natkriven parking. Besplatne izmene i otkazivanja.,Rezerviši odmah →,Ferihegy Airport Parking,,Vodeća parking usluga od 2008. Zajamčen natkriven parking. Besplatne izmjene i otkazivanja.,Rezerviraj sada →,Ferihegy Airport Parking,,Vedúce parkovanie od roku 2008. Zaručene kryté parkovanie. Bezplatné zmeny a zrušenia.,Rezervovať teraz →
budapest-airport-parking,Budapest Airport Parking,,Affordable parking near the airport with shuttle service.,Book Now →,Budapest Airport Parking,,Megfizethető parkolás a repülőtér közelében transzferrel.,Foglalás most →,Budapest Airport Parking,,Günstiges Parken am Flughafen mit Shuttle-Service.,Jetzt buchen →,Budapest Airport Parking,,Parcare accesibilă lângă aeroport cu navetă.,Rezervă acum →,Budapest Airport Parking,,Pristupačan parking blizu aerodroma sa prevozom.,Rezerviši odmah →,Budapest Airport Parking,,Pristupačan parking blizu zračne luke s prijevozom.,Rezerviraj sada →,Budapest Airport Parking,,Cenovo dostupné parkovanie blízko letiska so shuttlom.,Rezervovať teraz →
vip-parking,VIP Parking,,VIP parking experience with premium transfer service.,Book Now →,VIP Parking,,VIP parkolási élmény prémium transzferrel.,Foglalás most →,VIP Parking,,VIP-Parkerlebnis mit Premium-Transfer-Service.,Jetzt buchen →,VIP Parking,,Experiență VIP de parcare cu transfer premium.,Rezervă acum →,VIP Parking,,VIP parking iskustvo sa premium prevozom.,Rezerviši odmah →,VIP Parking,,VIP parking iskustvo s premium prijevozom.,Rezerviraj sada →,VIP Parking,,VIP parkovanie s prémiovým transferom.,Rezervovať teraz →
sky-parking,Sky Parking,,Affordable parking with shuttle service to terminals.,Book Now →,Sky Parking,,Megfizethető parkolás transzferrel a terminálokhoz.,Foglalás most →,Sky Parking,,Günstiges Parken mit Shuttle zu den Terminals.,Jetzt buchen →,Sky Parking,,Parcare accesibilă cu navetă spre terminale.,Rezervă acum →,Sky Parking,,Pristupačan parking sa prevozom do terminala.,Rezerviši odmah →,Sky Parking,,Pristupačan parking s prijevozom do terminala.,Rezerviraj sada →,Sky Parking,,Cenovo dostupné parkovanie so shuttlom k terminálom.,Rezervovať teraz →
repteri-parkolas-com,Reptéri Parkolás,,Budget-friendly parking option with shuttle.,Book Now →,Reptéri Parkolás,,Megfizethető parkolási lehetőség transzferrel.,Foglalás most →,Reptéri Parkolás,,Preisgünstige Parkoption mit Shuttle.,Jetzt buchen →,Reptéri Parkolás,,Opțiune de parcare avantajoasă cu navetă.,Rezervă acum →,Reptéri Parkolás,,Pristupačna parking opcija sa prevozom.,Rezerviši odmah →,Reptéri Parkolás,,Pristupačna parking opcija s prijevozom.,Rezerviraj sada →,Reptéri Parkolás,,Cenovo dostupné parkovanie so shuttlom.,Rezervovať teraz →
abc-parking,ABC Parking,,Competitive pricing with free WiFi and shuttle service.,Book Now →,ABC Parking,,Versenyképes árak ingyenes WiFi-vel és transzferrel.,Foglalás most →,ABC Parking,,Wettbewerbsfähige Preise mit kostenlosem WLAN und Shuttle.,Jetzt buchen →,ABC Parking,,Prețuri competitive cu WiFi gratuit și navetă.,Rezervă acum →,ABC Parking,,Konkurentne cene sa besplatnim WiFi i prevozom.,Rezerviši odmah →,ABC Parking,,Konkurentne cijene s besplatnim WiFi i prijevozom.,Rezerviraj sada →,ABC Parking,,Konkurenčné ceny s bezplatným WiFi a shuttlom.,Rezervovať teraz →
park-central-airport,Park Central Airport,,Centrally located parking with shuttle service.,Book Now →,Park Central Airport,,Központi elhelyezkedésű parkoló transzferrel.,Foglalás most →,Park Central Airport,,Zentral gelegener Parkplatz mit Shuttle.,Jetzt buchen →,Park Central Airport,,Parcare cu locație centrală și navetă.,Rezervă acum →,Park Central Airport,,Centralno smešten parking sa prevozom.,Rezerviši odmah →,Park Central Airport,,Centralno smješten parking s prijevozom.,Rezerviraj sada →,Park Central Airport,,Centrálne parkovanie so shuttlom.,Rezervovať teraz →
dobro-car-parking,Dobro Car Parking,,Affordable parking with free shuttle.,Book Now →,Dobro Car Parking,,Megfizethető parkolás ingyenes transzferrel.,Foglalás most →,Dobro Car Parking,,Günstiges Parken mit kostenlosem Shuttle.,Jetzt buchen →,Dobro Car Parking,,Parcare accesibilă cu navetă gratuită.,Rezervă acum →,Dobro Car Parking,,Pristupačan parking sa besplatnim prevozom.,Rezerviši odmah →,Dobro Car Parking,,Pristupačan parking s besplatnim prijevozom.,Rezerviraj sada →,Dobro Car Parking,,Cenovo dostupné parkovanie s bezplatným shuttlom.,Rezervovať teraz →
fap,FAP,,Covered parking option with shuttle service.,Book Now →,FAP,,Fedett parkolási lehetőség transzferrel.,Foglalás most →,FAP,,Überdachte Parkoption mit Shuttle.,Jetzt buchen →,FAP,,Opțiune de parcare acoperită cu navetă.,Rezervă acum →,FAP,,Natkrivena parking opcija sa prevozom.,Rezerviši odmah →,FAP,,Natkrivena parking opcija s prijevozom.,Rezerviraj sada →,FAP,,Krytá parkovacia možnosť so shuttlom.,Rezervovať teraz →
repteri-parkolas-hu,Repteri Parkolas,,Budget-friendly parking near the airport.,Book Now →,Repteri Parkolas,,Megfizethető parkolás a repülőtér közelében.,Foglalás most →,Repteri Parkolas,,Preisgünstiges Parken am Flughafen.,Jetzt buchen →,Repteri Parkolas,,Parcare avantajoasă lângă aeroport.,Rezervă acum →,Repteri Parkolas,,Pristupačan parking blizu aerodroma.,Rezerviši odmah →,Repteri Parkolas,,Pristupačan parking blizu zračne luke.,Rezerviraj sada →,Repteri Parkolas,,Cenovo dostupné parkovanie blízko letiska.,Rezervovať teraz →
hungaria-parkolo,Hungária Parkoló,,Reliable parking with shuttle service.,Book Now →,Hungária Parkoló,,Megbízható parkolás transzferrel.,Foglalás most →,Hungária Parkoló,,Zuverlässiges Parken mit Shuttle.,Jetzt buchen →,Hungária Parkoló,,Parcare fiabilă cu navetă.,Rezervă acum →,Hungária Parkoló,,Pouzdan parking sa prevozom.,Rezerviši odmah →,Hungária Parkoló,,Pouzdan parking s prijevozom.,Rezerviraj sada →,Hungária Parkoló,,Spoľahlivé parkovanie so shuttlom.,Rezervovať teraz →
nemzeti-parkolo,Nemzeti Parkoló,,National parking service with transfer.,Book Now →,Nemzeti Parkoló,,Nemzeti parkolási szolgáltatás transzferrel.,Foglalás most →,Nemzeti Parkoló,,Nationaler Parkservice mit Transfer.,Jetzt buchen →,Nemzeti Parkoló,,Serviciu național de parcare cu transfer.,Rezervă acum →,Nemzeti Parkoló,,Nacionalna parking usluga sa prevozom.,Rezerviši odmah →,Nemzeti Parkoló,,Nacionalna parking usluga s prijevozom.,Rezerviraj sada →,Nemzeti Parkoló,,Národné parkovanie s transferom.,Rezervovať teraz →
orzott-repteri-parkolo,Őrzött Reptéri Parkoló,,Guarded parking with 24/7 security.,Book Now →,Őrzött Reptéri Parkoló,,Őrzött parkolás 24/7 biztonsággal.,Foglalás most →,Őrzött Reptéri Parkoló,,Bewachtes Parken mit 24/7-Sicherheit.,Jetzt buchen →,Őrzött Reptéri Parkoló,,Parcare păzită cu securitate 24/7.,Rezervă acum →,Őrzött Reptéri Parkoló,,Čuvani parking sa obezbeđenjem 24/7.,Rezerviši odmah →,Őrzött Reptéri Parkoló,,Čuvani parking sa zaštitom 24/7.,Rezerviraj sada →,Őrzött Reptéri Parkoló,,Strážené parkovanie s ochranou 24/7.,Rezervovať teraz →
europa-parkolo,Európa Parkoló,,European standard parking with shuttle.,Book Now →,Európa Parkoló,,Európai színvonalú parkolás transzferrel.,Foglalás most →,Európa Parkoló,,Parken nach europäischem Standard mit Shuttle.,Jetzt buchen →,Európa Parkoló,,Parcare la standard european cu navetă.,Rezervă acum →,Európa Parkoló,,Parking po evropskim standardima sa prevozom.,Rezerviši odmah →,Európa Parkoló,,Parkiranje po europskim standardima s prijevozom.,Rezerviraj sada →,Európa Parkoló,,Parkovanie podľa európskych štandardov so shuttlom.,Rezervovať teraz →
comfort-parkolo,Comfort Parkoló,"Vecsés, Lőrinci u.",Comfortable parking experience with transfer.,Book Now →,Comfort Parkoló,"Vecsés, Lőrinci u.",Kényelmes parkolási élmény transzferrel.,Foglalás most →,Comfort Parkoló,"Vecsés, Lőrinci u.",Bequemes Parkerlebnis mit Transfer.,Jetzt buchen →,Comfort Parkoló,"Vecsés, Lőrinci u.",Experiență confortabilă de parcare cu transfer.,Rezervă acum →,Comfort Parkoló,"Vecsés, Lőrinci u.",Udobno parking iskustvo sa prevozom.,Rezerviši odmah →,Comfort Parkoló,"Vecsés, Lőrinci u.",Udobno parking iskustvo s prijevozom.,Rezerviraj sada →,Comfort Parkoló,"Vecsés, Lőrinci u.",Pohodlné parkovanie s transferom.,Rezervovať teraz →
repteri-parkolo-com,Reptéri Parkoló.com,,Easy online booking with shuttle service.,Book Now →,Reptéri Parkoló.com,,Egyszerű online foglalás transzferrel.,Foglalás most →,Reptéri Parkoló.com,,Einfache Online-Buchung mit Shuttle.,Jetzt buchen →,Reptéri Parkoló.com,,Rezervare online ușoară cu navetă.,Rezervă acum →,Reptéri Parkoló.com,,Jednostavna online rezervacija sa prevozom.,Rezerviši odmah →,Reptéri Parkoló.com,,Jednostavna online rezervacija s prijevozom.,Rezerviraj sada →,Reptéri Parkoló.com,,Jednoduchá online rezervácia so shuttlom.,Rezervovať teraz →
arrivals-pickup,Arrivals Pick-Up Area,at T2 Arrivals (5 min free),"Warning: pick-up zone only — not for parking. Costs rise sharply after 5 minutes: 3,500 Ft for 30 min, 10,000 Ft for 2 h, 50,000 Ft for 10–24 h. Use Holiday or Smart Parking when waiting for a delayed flight.",Info on Official Site →,Érkezési felvételi terület,T2 Érkezésnél (5 perc ingyenes),"Figyelem: csak felszállóterület — nem parkolásra való. Az 5 perc után az ár gyorsan nő: 30 percért 3 500 Ft, 2 óráért 10 000 Ft, 10–24 óráért 50 000 Ft. Késő járat esetén használja a Holiday vagy Smart Parkolót.",Infó a hivatalos oldalon →,Ankunfts-Abholbereich,an T2 Ankunft (5 min kostenlos),"Achtung: nur Abholzone — kein Parkplatz. Nach 5 Minuten steigen die Kosten schnell: 30 min 3.500 Ft, 2 h 10.000 Ft, 10–24 h 50.000 Ft. Bei verspätetem Flug: Holiday oder Smart Parking nutzen.",Info auf offizieller Seite →,Zonă de preluare sosiri,la T2 Sosiri (5 min gratuit),"Atenție: zonă de preluare, nu parcare. Tarifele cresc rapid după 5 minute: 30 min 3.500 Ft, 2 h 10.000 Ft, 10–24 h 50.000 Ft. La zbor întârziat folosiți Holiday sau Smart Parking.",Info pe site-ul oficial →,Zona preuzimanja na dolasku,T2 Dolasci (5 min besplatno),"Upozorenje: zona preuzimanja, ne parkiralište. Cena raste posle 5 minuta: 30 min 3.500 Ft, 2 h 10.000 Ft, 10–24 h 50.000 Ft. Pri kašnjenju leta koristite Holiday ili Smart Parking.",Info na zvaničnom sajtu →,Zona preuzimanja na dolasku,T2 Dolasci (5 min besplatno),"Upozorenje: zona preuzimanja, nije parkiralište. Cijena raste nakon 5 minuta: 30 min 3.500 Ft, 2 h 10.000 Ft, 10–24 h 50.000 Ft. Kod kašnjenja leta koristite Holiday ili Smart Parking.",Info na službenoj stranici →,Zóna vyzdvihnutia na príletoch,T2 Prílet (5 min zadarmo),"Upozornenie: zóna vyzdvihnutia, nie parkovisko. Ceny rastú rýchlo po 5 minútach: 30 min 3.500 Ft, 2 h 10.000 Ft, 10–24 h 50.000 Ft. Pri oneskorenom lete využite Holiday alebo Smart Parking.",Info na oficiálnej stránke →
hispania-parking,Hispania Parking,3.4 km from airport,"The highest-reviewed off-airport lot at Budapest Airport with over 4,100 ratings. Free 24/7 shuttle, guarded site.",Check Prices & Book →,Hispania Parking,"3,4 km a repülőtértől","A Budapest repülőtér melletti legtöbb értékeléssel rendelkező parkoló (több mint 4 100 vélemény). Ingyenes 24/7 transzfer, őrzött terület.",Árak és foglalás →,Hispania Parking,"3,4 km vom Flughafen","Meistbewertetes Parkcenter am Budapester Flughafen mit über 4.100 Bewertungen. Kostenloser 24/7-Shuttle, bewachter Parkplatz.",Preise & Buchung →,Hispania Parking,"3,4 km de la aeroport","Parcarea cu cele mai multe recenzii de lângă aeroportul din Budapesta, cu peste 4.100 de aprecieri. Navetă gratuită 24/7, parcare păzită.",Verifică prețuri & rezervă →,Hispania Parking,"3,4 km od aerodroma","Parking sa najviše recenzija kod Budimpeštanskog aerodroma sa više od 4.100 ocena. Besplatni prevoz 24/7, čuvano parkiralište.",Pogledaj cene i rezerviši →,Hispania Parking,"3,4 km od zračne luke","Parking s najviše recenzija kod Budimpeštanske zračne luke, s više od 4.100 ocjena. Besplatni prijevoz 24/7, čuvano parkiralište.",Provjeri cijene i rezerviraj →,Hispania Parking,"3,4 km od letiska","Parkovisko s najviac recenziami pri Budapeštianskom letisku s viac ako 4 100 hodnoteniami. Bezplatný shuttle 24/7, strážené parkovisko.",Skontrolovať ceny a rezervovať →
mopark-airport-parking,MoPark Airport Parking,4.2 km from airport,"Outdoor and covered indoor garage options with 24/7 shuttle. One of the best-rated off-airport lots near BUD, with over 1,500 reviews.",Check Prices & Book →,MoPark Airport Parking,"4,2 km a repülőtértől","Fedetlen és fedett garázslehetőségek 24/7 transzferrel. Az egyik legjobban értékelt off-airport parkoló a BUD közelében, több mint 1 500 értékeléssel.",Árak és foglalás →,MoPark Airport Parking,"4,2 km vom Flughafen","Außen- und überdachte Garagenoptionen mit 24/7-Shuttle. Eines der bestbewerteten Off-Airport-Parkplätze nahe BUD, mit über 1.500 Bewertungen.",Preise & Buchung →,MoPark Airport Parking,"4,2 km de la aeroport","Opțiuni de parcare exterioară și garaj acoperit cu navetă 24/7. Unul dintre cele mai bine cotate parcări off-airport lângă BUD, cu peste 1.500 recenzii.",Verifică prețuri & rezervă →,MoPark Airport Parking,"4,2 km od aerodroma","Spoljašnje i natkrivene garažne opcije sa prevozom 24/7. Jedno od najprestižnijih parkinga van aerodroma blizu BUD-a, sa više od 1.500 recenzija.",Pogledaj cene i rezerviši →,MoPark Airport Parking,"4,2 km od zračne luke","Opcije vanjskog i natkrivenog garaž parkiranja s prijevozom 24/7. Jedno od najbolje ocijenjenih parkirališta van aerodroma blizu BUD-a, s više od 1.500 ocjena.",Provjeri cijene i rezerviraj →,MoPark Airport Parking,"4,2 km od letiska","Vonkajšie aj kryté garážové možnosti so shuttlom 24/7. Jedno z najlepšie hodnotených parkovísk mimo letiska pri BUD-e, s viac ako 1 500 recenziami.",Skontrolovať ceny a rezervovať →
airport-parking-hungary,Airport Parking Hungary,5.0 km from airport,Consistently top-rated on price comparison sites. Guarded 24/7 with free shuttle service. Best-rated lot on ParkoLow.,Check Prices & Book →,Airport Parking Hungary,"5,0 km a repülőtértől",Folyamatosan a legjobban értékelt a ParkoLow-on. Őrzött 24/7 ingyenes transzferrel.,Árak és foglalás →,Airport Parking Hungary,"5,0 km vom Flughafen",Durchgehend am besten bewertet auf Preisvergleichsseiten. Bewacht 24/7 mit kostenlosem Shuttle.,Preise & Buchung →,Airport Parking Hungary,"5,0 km de la aeroport",În mod constant cel mai bine cotat pe site-urile de comparare a prețurilor. Păzit 24/7 cu navetă gratuită.,Verifică prețuri & rezervă →,Airport Parking Hungary,"5,0 km od aerodroma",Dosljedno najviše ocenjen na sajtovima za poređenje cena. Obezbeđen 24/7 sa besplatnim prevozom.,Pogledaj cene i rezerviši →,Airport Parking Hungary,"5,0 km od zračne luke",Dosljedno najcijenjeniji na stranicama za usporedbu cijena. Osiguran 24/7 s besplatnim prijevozom.,Provjeri cijene i rezerviraj →,Airport Parking Hungary,"5,0 km od letiska",Neustále najlepšie hodnotené na porovnávačoch cien. Strážené 24/7 s bezplatným shuttlom.,Skontrolovať ceny a rezervovať →
park-and-bark,Park & Bark,7.3 km from airport,"The only parking near Budapest Airport with an on-site dog kennel (8,500 Ft/dog/day). Outdoor and indoor hall garage options. Car wash service available. 5★ from over 1,200 reviews.",See Prices & Dog Hotel →,Park & Bark,"7,3 km a repülőtértől","Az egyetlen parkoló Budapest repülőtér közelében kutyahotel szolgáltatással (8 500 Ft/kutya/nap). Fedetlen és fedett garázs lehetőséggel. Autómosó is elérhető. 5★, több mint 1 200 értékeléssel.",Árak és kutyahotel →,Park & Bark,"7,3 km vom Flughafen",Der einzige Parkplatz nahe Budapest Airport mit eigenem Hundehotel (8.500 Ft/Hund/Tag). Außen- und Hallengarage verfügbar. Autowaschanlage vorhanden. 5★ von über 1.200 Bewertungen.,Preise & Hundehotel →,Park & Bark,"7,3 km de la aeroport",Singura parcare lângă Aeroportul din Budapesta cu hotel pentru câini pe loc (8.500 Ft/câine/zi). Opțiuni de parcare exterioară și hală acoperită. Spălătorie auto disponibilă. 5★ din peste 1.200 recenzii.,Prețuri & Hotel câini →,Park & Bark,"7,3 km od aerodroma",Jedino parkiralište blizu Budimpeštanskog aerodroma sa hotelom za pse na licu mesta (8.500 Ft/pas/dan). Spoljašnje i natkrivene hale. Perionica automobila dostupna. 5★ od više od 1.200 recenzija.,Cene i hotel za pse →,Park & Bark,"7,3 km od zračne luke",Jedino parkiralište blizu Budimpeštanske zračne luke s hotelom za pse na licu mjesta (8.500 Ft/pas/dan). Vanjske i natkrivene hale. Autopraonica dostupna. 5★ od više od 1.200 ocjena.,Cijene i hotel za pse →,Park & Bark,"7,3 km od letiska",Jediné parkovisko pri Budapeštianskom letisku s hotelom pre psov priamo na mieste (8.500 Ft/pes/deň). Vonkajšie a kryté halové možnosti. Umyvareň áut k dispozícii. 5★ od viac ako 1 200 recenzií.,Ceny a hotel pre psy →
pocket-parking,Pocket Parking,2.6 km — closest off-airport,The closest off-airport lot to the terminal. Shuttle takes just 3–4 minutes. Co-located with Pocket Rent-a-Car. Bookable from 1 day.,Check Prices & Book →,Pocket Parking,"2,6 km — legközelebbi off-airport",A terminálhoz legközelebbi off-airport parkoló. A transzfer mindössze 3–4 percet vesz igénybe. A Pocket Rent-a-Car mellett található. 1 naptól foglalható.,Árak és foglalás →,Pocket Parking,"2,6 km — nächster Off-Airport-Parkplatz",Der nächste Off-Airport-Parkplatz am Terminal. Shuttle dauert nur 3–4 Minuten. Direkt neben Pocket Rent-a-Car. Ab 1 Tag buchbar.,Preise & Buchung →,Pocket Parking,"2,6 km — cel mai apropiat off-aeroport",Cea mai apropiată parcare off-aeroport de terminal. Naveta durează doar 3–4 minute. Co-locată cu Pocket Rent-a-Car. Rezervabil de la 1 zi.,Verifică prețuri & rezervă →,Pocket Parking,"2,6 km — najbliže van aerodroma",Najbliže parkiralište van aerodroma do terminala. Prevoz traje svega 3–4 minute. Smešteno pored Pocket Rent-a-Car. Dostupno od 1 dana.,Pogledaj cene i rezerviši →,Pocket Parking,"2,6 km — najbliže van aerodroma",Najbliže parkiralište izvan aerodroma do terminala. Prijevoz traje samo 3–4 minute. Smješteno uz Pocket Rent-a-Car. Rezervacija od 1 dana.,Provjeri cijene i rezerviraj →,Pocket Parking,"2,6 km — najbližšie mimo letiska",Najbližšie parkovisko mimo letiska k terminálu. Shuttle trvá len 3–4 minúty. Nachádza sa vedľa Pocket Rent-a-Car. Rezervácia od 1 dňa.,Skontrolovať ceny a rezervovať →
abc-gold-parking,ABC Gold Parking,3.6 km from airport,Competitive pricing with EV charging (~200 Ft/kWh) and complimentary coffee on return. Best 4-day rate on the market. English-speaking staff. 4.8★ from 645 reviews.,Check Prices & Book →,ABC Gold Parking,"3,6 km a repülőtértől","Versenyképes árú parkoló EV-töltéssel (~200 Ft/kWh) és ingyenes kávéval visszaérkezéskor. A legjobb 4 napos ár a piacon. Angolul is beszélő személyzet. 4,8★ 645 értékeléssel.",Árak és foglalás →,ABC Gold Parking,"3,6 km vom Flughafen","Günstige Preise mit E-Ladestation (~200 Ft/kWh) und kostenlosem Kaffee bei der Rückkehr. Bestes 4-Tage-Angebot auf dem Markt. Englischsprachiges Personal. 4,8★ bei 645 Bewertungen.",Preise & Buchung →,ABC Gold Parking,"3,6 km de la aeroport","Prețuri competitive cu încărcare EV (~200 Ft/kWh) și cafea gratuită la întoarcere. Cea mai bună rată de 4 zile de pe piață. Personal vorbitor de engleză. 4,8★ din 645 recenzii.",Verifică prețuri & rezervă →,ABC Gold Parking,"3,6 km od aerodroma","Konkurentne cene sa EV punjenjem (~200 Ft/kWh) i besplatnom kafom po povratku. Najbolja cena za 4 dana na tržištu. Osoblje govori engleski. 4,8★ od 645 recenzija.",Pogledaj cene i rezerviši →,ABC Gold Parking,"3,6 km od zračne luke","Konkurentne cijene s EV punjenjem (~200 Ft/kWh) i besplatnom kavom po povratku. Najbolja cijena za 4 dana na tržištu. Osoblje govori engleski. 4,8★ od 645 ocjena.",Provjeri cijene i rezerviraj →,ABC Gold Parking,"3,6 km od letiska","Konkurencieschopné ceny s nabíjaním EV (~200 Ft/kWh) a kávou zadarmo pri návrate. Najlepšia cena za 4 dni na trhu. Personál hovorí po anglicky. 4,8★ od 645 recenzií.",Skontrolovať ceny a rezervovať →
ferihegy-top-parkolo,Ferihegy Top Parkoló,5.4 km from airport,Free shuttle with modern minibuses and camera security. Good value for longer stays. One of the cheaper 7-day options in the area.,Check Prices & Book →,Ferihegy Top Parkoló,"5,4 km a repülőtértől",Ingyenes transzfer modern mikrobuszokkal és kamerabiztonsággal. Jó ár-érték hosszabb tartózkodáshoz. Az egyik olcsóbb 7 napos megoldás a térségben.,Árak és foglalás →,Ferihegy Top Parkoló,"5,4 km vom Flughafen",Kostenloser Shuttle mit modernen Minibussen und Kamerasicherheit. Gutes Preis-Leistungs-Verhältnis für längere Aufenthalte.,Preise & Buchung →,Ferihegy Top Parkoló,"5,4 km de la aeroport",Navetă gratuită cu microbuze moderne și securitate cu camere. Raport bun calitate-preț pentru sejururi mai lungi.,Verifică prețuri & rezervă →,Ferihegy Top Parkoló,"5,4 km od aerodroma",Besplatan prevoz modernim minibusima i kamera zaštitom. Dobra vrednost za duže boravke.,Pogledaj cene i rezerviši →,Ferihegy Top Parkoló,"5,4 km od zračne luke",Besplatan prijevoz modernim minibusima i kamerama. Dobra vrijednost za duže boravke.,Provjeri cijene i rezerviraj →,Ferihegy Top Parkoló,"5,4 km od letiska",Bezplatný shuttle modernými minibusmi s kamerovým zabezpečením. Dobrá hodnota pre dlhšie pobyty.,Skontrolovať ceny a rezervovať →
star-park,Star Park,3.0 km from airport,"Opened in 2025. Automatic barrier entry, CCTV monitored, 24/7 operation, free shuttle in 4–5 minutes. Modern facility with competitive daily rates.",Check Prices & Book →,Star Park,"3,0 km a repülőtértől","2025-ben nyílt. Automatikus sorompós belépés, CCTV-felügyelet, 24/7 üzemelés, ingyenes transzfer 4–5 percen belül. Modern létesítmény versenyképes napi árakkal.",Árak és foglalás →,Star Park,"3,0 km vom Flughafen","2025 eröffnet. Automatische Schranke, CCTV-Überwachung, 24/7-Betrieb, kostenloser Shuttle in 4–5 Minuten. Moderne Anlage mit wettbewerbsfähigen Tagespreisen.",Preise & Buchung →,Star Park,"3,0 km de la aeroport","Deschis în 2025. Intrare cu barieră automată, monitorizare CCTV, funcționare 24/7, navetă gratuită în 4–5 minute. Facilitate modernă cu tarife zilnice competitive.",Verifică prețuri & rezervă →,Star Park,"3,0 km od aerodroma","Otvoreno 2025. Automatska rampa za ulaz, CCTV nadzor, rad 24/7, besplatan prevoz za 4–5 minuta. Moderna objekt sa konkurentnim dnevnim cenama.",Pogledaj cene i rezerviši →,Star Park,"3,0 km od zračne luke","Otvoreno 2025. Automatska rampa za ulaz, CCTV nadzor, rad 24/7, besplatan prijevoz za 4–5 minuta. Moderna objekt s konkurentnim dnevnim cijenama.",Provjeri cijene i rezerviraj →,Star Park,"3,0 km od letiska","Otvorené v roku 2025. Automatická závora pri vstupe, monitorovanie CCTV, prevádzka 24/7, bezplatný shuttle za 4–5 minút. Moderné zariadenie s konkurencieschopnými dennými cenami.",Skontrolovať ceny a rezervovať →
hotel-ferihegy-parkolo,Hotel Ferihegy Parkoló,3.8 km from airport,"Cheapest single-day price found at Budapest Airport (4,990 Ft). Hotel-operated covered lot with free shuttle service and park-and-fly packages.",Check Prices & Book →,Hotel Ferihegy Parkoló,"3,8 km a repülőtértől",A legolcsóbb egynapi ár Budapest reptér közelében (4 990 Ft). Szállodai üzemeltetésű fedett parkoló ingyenes transzferrel és park-and-fly csomagokkal.,Árak és foglalás →,Hotel Ferihegy Parkoló,"3,8 km vom Flughafen",Günstigster Einzeltagespreis am Flughafen Budapest (4.990 Ft). Hotelgeführter überdachter Parkplatz mit kostenlosem Shuttle und Park-and-Fly-Paketen.,Preise & Buchung →,Hotel Ferihegy Parkoló,"3,8 km de la aeroport",Cel mai ieftin preț pe o singură zi la aeroportul din Budapesta (4.990 Ft). Parcare acoperită operată de hotel cu navetă gratuită și pachete park-and-fly.,Verifică prețuri & rezervă →,Hotel Ferihegy Parkoló,"3,8 km od aerodroma",Najjeftinija jednodnevna cena kod Budimpeštanskog aerodroma (4.990 Ft). Natkriveno parkiralište u vlasništvu hotela sa besplatnim prevozom i park-and-fly paketima.,Pogledaj cene i rezerviši →,Hotel Ferihegy Parkoló,"3,8 km od zračne luke",Najjeftinija jednodnevna cijena kod Budimpeštanske zračne luke (4.990 Ft). Natkriveno parkiralište u vlasništvu hotela s besplatnim prijevozom i park-and-fly paketima.,Provjeri cijene i rezerviraj →,Hotel Ferihegy Parkoló,"3,8 km od letiska",Najlacnejšia jednodenná cena pri Budapeštianskom letisku (4 990 Ft). Krytý parkovisko prevádzkované hotelom s bezplatným shuttlom a park-and-fly balíčkami.,Skontrolovať ceny a rezervovať →
iq-parking,IQ Parking,4.0 km from airport,Top-rated guarded parking with 24/7 shuttle service. Flat rate applies for 1–2 days. 5★ rating from nearly 300 reviews.,Check Prices & Book →,IQ Parking,"4,0 km a repülőtértől",Legjobban értékelt őrzött parkoló 24/7 transzferrel. 1–2 napra fix ár érvényes. 5★ értékelés közel 300 visszajelzéssel.,Árak és foglalás →,IQ Parking,"4,0 km vom Flughafen",Bestbewerteter bewachter Parkplatz mit 24/7-Shuttle. Für 1–2 Tage gilt ein Pauschalpreis. 5★-Bewertung von fast 300 Rezensionen.,Preise & Buchung →,IQ Parking,"4,0 km de la aeroport",Parcare păzită cu cele mai bune note și navetă 24/7. Tarif fix pentru 1–2 zile. Evaluare 5★ de la aproape 300 de recenzii.,Verifică prețuri & rezervă →,IQ Parking,"4,0 km od aerodroma",Najviše ocenjeno čuvano parkiralište sa prevozom 24/7. Fiksna cena za 1–2 dana. Ocena 5★ od skoro 300 recenzija.,Pogledaj cene i rezerviši →,IQ Parking,"4,0 km od zračne luke",Najbolje ocijenjeno čuvano parkiralište s prijevozom 24/7. Fiksna cijena za 1–2 dana. Ocjena 5★ od gotovo 300 recenzija.,Provjeri cijene i rezerviraj →,IQ Parking,"4,0 km od letiska",Najlepšie hodnotené strážené parkovisko so shuttlom 24/7. Paušálna sadzba pre 1–2 dni. Hodnotenie 5★ od takmer 300 recenzií.,Skontrolovať ceny a rezervovať →
zenparking,ZEN Parking,3.3 km from airport,Well-reviewed guarded lot with 24/7 shuttle service. Consistently 5-star rated from over 760 customers.,Check Prices & Book →,ZEN Parking,"3,3 km a repülőtértől",Jól értékelt őrzött parkoló 24/7 transzferrel. Következetesen 5 csillagos értékelés több mint 760 ügyféltől.,Árak és foglalás →,ZEN Parking,"3,3 km vom Flughafen",Gut bewerteter bewachter Parkplatz mit 24/7-Shuttle. Konstant 5-Sterne-Bewertung von über 760 Kunden.,Preise & Buchung →,ZEN Parking,"3,3 km de la aeroport",Parcare păzită bine cotată cu navetă 24/7. Constant 5 stele de la peste 760 de clienți.,Verifică prețuri & rezervă →,ZEN Parking,"3,3 km od aerodroma",Dobro ocenjeno čuvano parkiralište sa prevozom 24/7. Konstantna ocena 5 zvezda od više od 760 klijenata.,Pogledaj cene i rezerviši →,ZEN Parking,"3,3 km od zračne luke",Dobro ocijenjeno čuvano parkiralište s prijevozom 24/7. Konstantna ocjena 5 zvjezdica od više od 760 klijenata.,Provjeri cijene i rezerviraj →,ZEN Parking,"3,3 km od letiska",Dobre hodnotené strážené parkovisko so shuttlom 24/7. Konštantné hodnotenie 5 hviezd od viac ako 760 zákazníkov.,Skontrolovať ceny a rezervovať →
